{"cameraMode":{"drawMode":0,"name":"Shaded","section":"Shading Mode"},"sceneLighting":false,"audioPlay":false,"sceneViewState":{"showFog":true,"showMaterialUpdate":false,"showSkybox":true,"showFlares":true,"showImageEffects":true,"showParticleSystems":true},"in2DMode":false,"pivot":{"x":23.24867057800293,"y":20.7071533203125,"z":-57.828041076660159},"rotation":{"x":0.07034038752317429,"y":-0.10721274465322495,"z":0.007604601327329874,"w":0.9917156100273132},"size":12.764860153198243,"orthographic":false}