{"cameraMode":{"drawMode":0,"name":"Shaded","section":"Shading Mode"},"sceneLighting":false,"audioPlay":false,"sceneViewState":{"showFog":true,"showMaterialUpdate":false,"showSkybox":true,"showFlares":true,"showImageEffects":true,"showParticleSystems":true},"in2DMode":false,"pivot":{"x":3.2930593490600588,"y":8.165087699890137,"z":-14.457412719726563},"rotation":{"x":0.0030179996974766256,"y":-0.9861533641815186,"z":0.018058329820632936,"w":0.16482213139533997},"size":22.403575897216798,"orthographic":false}