{"cameraMode":{"drawMode":0,"name":"Shaded","section":"Shading Mode"},"sceneLighting":false,"audioPlay":false,"sceneViewState":{"showFog":true,"showMaterialUpdate":false,"showSkybox":true,"showFlares":true,"showImageEffects":true,"showParticleSystems":true},"in2DMode":false,"pivot":{"x":13.487449645996094,"y":9.300813674926758,"z":8.77961254119873},"rotation":{"x":0.09141090512275696,"y":-0.8069391846656799,"z":0.1296522468328476,"w":0.5689319372177124},"size":2.8578836917877199,"orthographic":false}