{"cameraMode":{"drawMode":0,"name":"Shaded","section":"Shading Mode"},"sceneLighting":false,"audioPlay":false,"sceneViewState":{"showFog":true,"showMaterialUpdate":false,"showSkybox":true,"showFlares":true,"showImageEffects":true,"showParticleSystems":true},"in2DMode":false,"pivot":{"x":55.4067497253418,"y":16.662729263305665,"z":75.74968719482422},"rotation":{"x":0.03933921828866005,"y":-0.7767391204833984,"z":-0.04875817894935608,"w":-0.626698911190033},"size":6.1578850746154789,"orthographic":false}